Event,Description,Resource,Category,StartDate,EndDate
Event-0001,Consectetur adipiscing elit. Lorem ipsum dolor sit amet.,nxppc,Event,2024-11-24T15:45:00,2024-11-24T19:45:00
Event-0002,Vivamus suscipit tortor eget felis. Pellentesque habitant morbi tristique. Consectetur adipiscing elit.,irdtc,PTO,2024-04-19T08:15:00,2024-04-19T09:30:00
Event-0003,Donec sollicitudin molestie malesuada. Nunc non blandit massa. Vestibulum ante ipsum primis. Consectetur adipiscing elit.,qzjng,Travel,2024-01-04T17:00:00,2024-01-04T19:45:00
Event-0004,Vivamus suscipit tortor eget felis. Aliquam erat volutpat. In faucibus orci luctus et.,zsxym,PTO,2024-04-01T00:00:00,2024-04-04T00:00:00
Event-0005,Ut labore et dolore magna aliqua. Pellentesque habitant morbi tristique.,,Event,2024-03-04T00:00:00,2024-03-05T00:00:00
Event-0006,Lorem ipsum dolor sit amet. Duis ultricies lacus sed turpis. Pellentesque habitant morbi tristique. Consectetur adipiscing elit.,arruw,Event,2024-09-01T12:15:00,2024-09-01T14:30:00
Event-0007,In faucibus orci luctus et. Vivamus suscipit tortor eget felis.,myttt,PTO,2024-12-18T00:00:00,2024-12-22T00:00:00
Event-0008,Donec sollicitudin molestie malesuada. Vivamus suscipit tortor eget felis. In faucibus orci luctus et. Mauris in aliquam sem.,dcygt,Event,2024-10-15T16:45:00,2024-10-15T19:30:00
Event-0009,Duis ultricies lacus sed turpis. Sed do eiusmod tempor incididunt.,,Event,2024-08-07T10:30:00,2024-08-07T11:45:00
Event-0010,Vivamus suscipit tortor eget felis. Pellentesque habitant morbi tristique.,hlibp,PTO,2024-03-28T00:00:00,2024-03-31T00:00:00
Event-0011,Sed do eiusmod tempor incididunt. Pellentesque habitant morbi tristique. Ut labore et dolore magna aliqua.,hxzus,,2024-01-15T17:30:00,2024-01-15T21:15:00
Event-0012,Pellentesque habitant morbi tristique. Aliquam erat volutpat.,vqbuo,Travel,2024-03-17T13:15:00,2024-03-17T14:45:00
Event-0013,Pellentesque in ipsum id orci porta dapibus. Lorem ipsum dolor sit amet. In faucibus orci luctus et. Consectetur adipiscing elit.,zhaou,Meeting,2024-04-09T14:00:00,2024-04-09T14:45:00
Event-0014,Sed do eiusmod tempor incididunt. Donec sollicitudin molestie malesuada. Lorem ipsum dolor sit amet.,lgjtf,Event,2024-07-28T14:15:00,2024-07-28T16:45:00
Event-0015,Ut labore et dolore magna aliqua. Sed do eiusmod tempor incididunt. Proin eget tortor risus. Pellentesque in ipsum id orci porta dapibus.,mrmdj,Event,2024-01-30T17:30:00,2024-01-30T21:15:00
Event-0016,Nunc non blandit massa. Proin eget tortor risus.,uanok,Event,2024-08-22T15:45:00,2024-08-22T17:15:00
Event-0017,Vestibulum ante ipsum primis. Proin eget tortor risus. Consectetur adipiscing elit. Aliquam erat volutpat.,etbwe,Event,2024-01-29T10:15:00,2024-01-29T14:15:00
Event-0018,Pellentesque in ipsum id orci porta dapibus. Lorem ipsum dolor sit amet. Curabitur non nulla sit amet.,zomdf,Meeting,2024-07-12T00:00:00,2024-07-17T00:00:00
Event-0019,In faucibus orci luctus et. Consectetur adipiscing elit. Aliquam erat volutpat.,deuzz,Meeting,2024-06-17T10:15:00,2024-06-17T14:00:00
Event-0020,Aliquam erat volutpat. Curabitur non nulla sit amet. Proin eget tortor risus.,etbwe,Travel,2024-01-06T00:00:00,2024-01-07T00:00:00
Event-0021,Curabitur non nulla sit amet. Pellentesque habitant morbi tristique.,etbwe,Travel,2024-04-13T00:00:00,2024-04-14T00:00:00
Event-0022,Consectetur adipiscing elit. Nunc non blandit massa. Ut labore et dolore magna aliqua. Vivamus suscipit tortor eget felis.,,PTO,2024-03-25T17:15:00,2024-03-25T17:45:00
Event-0023,Duis ultricies lacus sed turpis. Ut labore et dolore magna aliqua.,obams,Travel,2024-12-20T00:00:00,2024-12-21T00:00:00
Event-0024,Curabitur non nulla sit amet. Consectetur adipiscing elit. Nunc non blandit massa.,qzjng,Meeting,2024-08-09T00:00:00,2024-08-12T00:00:00
Event-0025,Pellentesque habitant morbi tristique. Vivamus suscipit tortor eget felis. Duis ultricies lacus sed turpis. Lorem ipsum dolor sit amet.,lqmte,PTO,2024-07-02T12:45:00,2024-07-02T16:00:00
Event-0026,Vivamus suscipit tortor eget felis. Proin eget tortor risus. Lorem ipsum dolor sit amet. Sed do eiusmod tempor incididunt.,nxppc,PTO,2024-12-18T15:15:00,2024-12-18T16:45:00
Event-0027,Mauris in aliquam sem. In faucibus orci luctus et.,lqmte,Event,2024-03-10T13:30:00,2024-03-10T16:00:00
Event-0028,Sed do eiusmod tempor incididunt. Mauris in aliquam sem.,vpzva,PTO,2024-10-30T00:00:00,2024-11-01T00:00:00
Event-0029,In faucibus orci luctus et. Pellentesque habitant morbi tristique. Curabitur non nulla sit amet.,deuzz,Meeting,2024-10-27T11:15:00,2024-10-27T11:45:00
Event-0030,Aliquam erat volutpat. Vivamus suscipit tortor eget felis.,irdtc,Event,2024-05-05T00:00:00,2024-05-09T00:00:00
Event-0031,Mauris in aliquam sem. Duis ultricies lacus sed turpis.,,PTO,2024-07-21T17:15:00,2024-07-21T18:30:00
Event-0032,Pellentesque habitant morbi tristique. Curabitur non nulla sit amet. Proin eget tortor risus. Lorem ipsum dolor sit amet.,dynoh,Meeting,2024-01-04T11:00:00,2024-01-04T15:00:00
Event-0033,In faucibus orci luctus et. Proin eget tortor risus. Vivamus suscipit tortor eget felis. Lorem ipsum dolor sit amet.,arruw,PTO,2024-11-07T00:00:00,2024-11-12T00:00:00
Event-0034,Consectetur adipiscing elit. Nunc non blandit massa. Donec sollicitudin molestie malesuada. Sed do eiusmod tempor incididunt.,ucpxp,PTO,2024-02-25T09:30:00,2024-02-25T11:45:00
Event-0035,Donec sollicitudin molestie malesuada. Lorem ipsum dolor sit amet. Aliquam erat volutpat.,cirqy,Event,2024-08-04T09:15:00,2024-08-04T09:30:00
Event-0036,Proin eget tortor risus. Lorem ipsum dolor sit amet. Vivamus suscipit tortor eget felis. Pellentesque habitant morbi tristique.,vwvkn,Event,2024-04-18T00:00:00,2024-04-20T00:00:00
Event-0037,Ut labore et dolore magna aliqua. Vivamus suscipit tortor eget felis. Nunc non blandit massa.,,Event,2024-05-31T08:45:00,2024-05-31T10:00:00
Event-0038,Duis ultricies lacus sed turpis. Mauris in aliquam sem. Sed do eiusmod tempor incididunt.,vwvkn,PTO,2024-11-22T00:00:00,2024-11-23T00:00:00
Event-0039,Ut labore et dolore magna aliqua. Pellentesque habitant morbi tristique. Pellentesque in ipsum id orci porta dapibus.,zomdf,Meeting,2024-12-21T10:30:00,2024-12-21T11:15:00
Event-0040,Pellentesque habitant morbi tristique. Nunc non blandit massa. Ut labore et dolore magna aliqua. Donec sollicitudin molestie malesuada.,,Event,2024-08-19T00:00:00,2024-08-22T00:00:00
Event-0041,Lorem ipsum dolor sit amet. Proin eget tortor risus. Ut labore et dolore magna aliqua.,bicfx,Travel,2024-12-06T11:15:00,2024-12-06T14:00:00
Event-0042,Curabitur non nulla sit amet. Duis ultricies lacus sed turpis. In faucibus orci luctus et. Pellentesque in ipsum id orci porta dapibus.,hrung,,2024-07-26T00:00:00,2024-07-31T00:00:00
Event-0043,Pellentesque in ipsum id orci porta dapibus. Proin eget tortor risus. Mauris in aliquam sem. Aliquam erat volutpat.,wkdem,Meeting,2024-06-28T09:30:00,2024-06-28T12:00:00
Event-0044,Sed do eiusmod tempor incididunt. Pellentesque in ipsum id orci porta dapibus. Pellentesque habitant morbi tristique.,,Travel,2024-01-31T00:00:00,2024-02-05T00:00:00
Event-0045,Lorem ipsum dolor sit amet. Ut labore et dolore magna aliqua.,vqbuo,Event,2024-12-16T17:30:00,2024-12-16T21:30:00
Event-0046,Sed do eiusmod tempor incididunt. Curabitur non nulla sit amet. Lorem ipsum dolor sit amet. In faucibus orci luctus et.,zhaou,Travel,2024-01-03T12:00:00,2024-01-03T13:00:00
Event-0047,Lorem ipsum dolor sit amet. Duis ultricies lacus sed turpis. Sed do eiusmod tempor incididunt.,twbce,PTO,2024-12-29T11:45:00,2024-12-29T12:00:00
Event-0048,Curabitur non nulla sit amet. Vivamus suscipit tortor eget felis. In faucibus orci luctus et.,,Event,2024-07-18T08:45:00,2024-07-18T10:45:00
Event-0049,Vestibulum ante ipsum primis. Proin eget tortor risus. Nunc non blandit massa.,irdtc,Event,2024-02-21T13:30:00,2024-02-21T16:15:00
Event-0050,In faucibus orci luctus et. Ut labore et dolore magna aliqua. Nunc non blandit massa.,,Event,2024-10-31T15:15:00,2024-10-31T16:45:00
Event-0051,Ut labore et dolore magna aliqua. Sed do eiusmod tempor incididunt.,deuzz,Meeting,2024-08-22T16:30:00,2024-08-22T17:30:00
Event-0052,Ut labore et dolore magna aliqua. Donec sollicitudin molestie malesuada.,tqunh,Event,2024-12-20T11:45:00,2024-12-20T14:45:00
Event-0053,Vestibulum ante ipsum primis. Duis ultricies lacus sed turpis.,wkdem,PTO,2024-03-22T13:00:00,2024-03-22T15:00:00
Event-0054,In faucibus orci luctus et. Vivamus suscipit tortor eget felis.,,Event,2024-03-10T00:00:00,2024-03-11T00:00:00
Event-0055,Vestibulum ante ipsum primis. Pellentesque in ipsum id orci porta dapibus.,nxppc,PTO,2024-01-25T13:00:00,2024-01-25T14:45:00
Event-0056,Vestibulum ante ipsum primis. Vivamus suscipit tortor eget felis. Pellentesque in ipsum id orci porta dapibus.,,Event,2024-10-17T00:00:00,2024-10-20T00:00:00
Event-0057,Ut labore et dolore magna aliqua. Proin eget tortor risus. Vivamus suscipit tortor eget felis.,muolf,,2024-10-26T00:00:00,2024-10-27T00:00:00
Event-0058,Vestibulum ante ipsum primis. In faucibus orci luctus et. Curabitur non nulla sit amet.,vqbuo,Event,2024-02-05T09:45:00,2024-02-05T13:45:00
Event-0059,Pellentesque in ipsum id orci porta dapibus. Proin eget tortor risus. Nunc non blandit massa.,ijyta,Meeting,2024-11-05T14:00:00,2024-11-05T17:15:00
Event-0060,Proin eget tortor risus. Pellentesque in ipsum id orci porta dapibus.,myttt,Travel,2024-01-28T00:00:00,2024-02-02T00:00:00
Event-0061,Donec sollicitudin molestie malesuada. Aliquam erat volutpat.,hrung,Event,2024-08-08T08:15:00,2024-08-08T11:00:00
Event-0062,Sed do eiusmod tempor incididunt. Curabitur non nulla sit amet.,lqmte,Event,2024-09-16T15:00:00,2024-09-16T18:30:00
Event-0063,Sed do eiusmod tempor incididunt. Vivamus suscipit tortor eget felis. Lorem ipsum dolor sit amet.,dynoh,Meeting,2024-09-01T00:00:00,2024-09-05T00:00:00
Event-0064,Lorem ipsum dolor sit amet. Pellentesque in ipsum id orci porta dapibus. Ut labore et dolore magna aliqua. Duis ultricies lacus sed turpis.,,Meeting,2024-03-13T00:00:00,2024-03-17T00:00:00
Event-0065,Aliquam erat volutpat. Curabitur non nulla sit amet.,hrung,PTO,2024-07-08T10:15:00,2024-07-08T13:45:00
Event-0066,Mauris in aliquam sem. Donec sollicitudin molestie malesuada. Pellentesque habitant morbi tristique.,etbwe,Travel,2024-11-22T00:00:00,2024-11-25T00:00:00
Event-0067,Vivamus suscipit tortor eget felis. Mauris in aliquam sem. Lorem ipsum dolor sit amet. Sed do eiusmod tempor incididunt.,evbmd,,2024-03-14T00:00:00,2024-03-19T00:00:00
Event-0068,In faucibus orci luctus et. Pellentesque in ipsum id orci porta dapibus. Donec sollicitudin molestie malesuada. Vestibulum ante ipsum primis.,,PTO,2024-05-16T00:00:00,2024-05-21T00:00:00
Event-0069,Aliquam erat volutpat. Vestibulum ante ipsum primis.,vwvkn,Meeting,2024-08-26T00:00:00,2024-08-29T00:00:00
Event-0070,Vestibulum ante ipsum primis. In faucibus orci luctus et. Ut labore et dolore magna aliqua.,zidei,Travel,2024-06-29T08:45:00,2024-06-29T09:00:00
Event-0071,Consectetur adipiscing elit. Mauris in aliquam sem. Pellentesque in ipsum id orci porta dapibus.,dynoh,Event,2024-06-08T00:00:00,2024-06-11T00:00:00
Event-0072,Pellentesque habitant morbi tristique. Curabitur non nulla sit amet.,evbmd,Travel,2024-04-12T00:00:00,2024-04-13T00:00:00
Event-0073,Sed do eiusmod tempor incididunt. Nunc non blandit massa.,ylldz,Meeting,2024-01-07T16:00:00,2024-01-07T17:15:00
Event-0074,Aliquam erat volutpat. Pellentesque in ipsum id orci porta dapibus.,cirqy,,2024-05-26T00:00:00,2024-05-29T00:00:00
Event-0075,Vivamus suscipit tortor eget felis. Pellentesque habitant morbi tristique. Duis ultricies lacus sed turpis.,lxkgn,Meeting,2024-02-15T15:15:00,2024-02-15T17:30:00
Event-0076,Vivamus suscipit tortor eget felis. Consectetur adipiscing elit. Aliquam erat volutpat.,ylldz,Event,2024-11-02T14:45:00,2024-11-02T15:30:00
Event-0077,Sed do eiusmod tempor incididunt. In faucibus orci luctus et. Pellentesque habitant morbi tristique.,dynoh,PTO,2024-05-07T00:00:00,2024-05-09T00:00:00
Event-0078,Ut labore et dolore magna aliqua. Sed do eiusmod tempor incididunt. Aliquam erat volutpat.,nzrvh,Event,2024-08-12T11:15:00,2024-08-12T11:45:00
Event-0079,Sed do eiusmod tempor incididunt. Duis ultricies lacus sed turpis.,lgjtf,Event,2024-10-31T15:15:00,2024-10-31T16:30:00
Event-0080,Proin eget tortor risus. Sed do eiusmod tempor incididunt.,xsiht,,2024-05-01T11:15:00,2024-05-01T12:30:00
Event-0081,In faucibus orci luctus et. Donec sollicitudin molestie malesuada. Pellentesque in ipsum id orci porta dapibus.,jwjdb,Meeting,2024-08-17T17:15:00,2024-08-17T20:00:00
Event-0082,Nunc non blandit massa. Vivamus suscipit tortor eget felis.,kbbiz,Meeting,2024-06-17T13:45:00,2024-06-17T15:30:00
Event-0083,Proin eget tortor risus. Duis ultricies lacus sed turpis. Pellentesque habitant morbi tristique. Nunc non blandit massa.,kbbiz,,2024-03-08T14:00:00,2024-03-08T16:45:00
Event-0084,Proin eget tortor risus. Vestibulum ante ipsum primis. Ut labore et dolore magna aliqua. Nunc non blandit massa.,zsxym,PTO,2024-12-01T13:30:00,2024-12-01T16:30:00
Event-0085,Mauris in aliquam sem. Donec sollicitudin molestie malesuada. In faucibus orci luctus et. Vivamus suscipit tortor eget felis.,tqunh,PTO,2024-08-29T17:00:00,2024-08-29T19:30:00
Event-0086,Pellentesque in ipsum id orci porta dapibus. Duis ultricies lacus sed turpis. Vestibulum ante ipsum primis. Mauris in aliquam sem.,muolf,Meeting,2024-08-20T17:00:00,2024-08-20T17:30:00
Event-0087,Mauris in aliquam sem. Pellentesque habitant morbi tristique.,acfbm,Event,2024-07-16T08:45:00,2024-07-16T11:00:00
Event-0088,Vivamus suscipit tortor eget felis. Proin eget tortor risus.,xsiht,Travel,2024-05-24T11:00:00,2024-05-24T14:45:00
Event-0089,Vestibulum ante ipsum primis. Donec sollicitudin molestie malesuada. Curabitur non nulla sit amet. In faucibus orci luctus et.,arruw,Travel,2024-03-31T00:00:00,2024-04-05T00:00:00
Event-0090,Mauris in aliquam sem. Curabitur non nulla sit amet. Vestibulum ante ipsum primis.,xsiht,Travel,2024-05-18T17:30:00,2024-05-18T20:15:00
Event-0091,Pellentesque habitant morbi tristique. Mauris in aliquam sem. Proin eget tortor risus.,dcygt,Travel,2024-07-30T10:30:00,2024-07-30T11:00:00
Event-0092,Lorem ipsum dolor sit amet. Vivamus suscipit tortor eget felis.,vwvkn,Event,2024-08-04T13:00:00,2024-08-04T13:15:00
Event-0093,Donec sollicitudin molestie malesuada. Proin eget tortor risus. Vivamus suscipit tortor eget felis.,zhaou,Event,2024-01-25T14:30:00,2024-01-25T18:15:00
Event-0094,Vivamus suscipit tortor eget felis. Pellentesque in ipsum id orci porta dapibus. Proin eget tortor risus.,dcygt,Meeting,2024-06-10T00:00:00,2024-06-13T00:00:00
Event-0095,Nunc non blandit massa. Sed do eiusmod tempor incididunt. Proin eget tortor risus. Vivamus suscipit tortor eget felis.,nxppc,PTO,2024-08-05T00:00:00,2024-08-10T00:00:00
Event-0096,Aliquam erat volutpat. Pellentesque in ipsum id orci porta dapibus. Duis ultricies lacus sed turpis.,nxppc,,2024-06-20T16:00:00,2024-06-20T17:45:00
Event-0097,Vestibulum ante ipsum primis. Vivamus suscipit tortor eget felis.,myttt,Travel,2024-08-09T15:00:00,2024-08-09T17:00:00
Event-0098,Sed do eiusmod tempor incididunt. Nunc non blandit massa. Lorem ipsum dolor sit amet. Proin eget tortor risus.,lgjtf,,2024-02-28T12:45:00,2024-02-28T13:45:00
Event-0099,Ut labore et dolore magna aliqua. Consectetur adipiscing elit. In faucibus orci luctus et. Pellentesque habitant morbi tristique.,acfbm,Travel,2024-09-19T11:15:00,2024-09-19T13:45:00
Event-0100,Ut labore et dolore magna aliqua. Sed do eiusmod tempor incididunt. Pellentesque in ipsum id orci porta dapibus. In faucibus orci luctus et.,,Event,2024-12-03T10:15:00,2024-12-03T14:00:00
Event-0101,Mauris in aliquam sem. Sed do eiusmod tempor incididunt. Vivamus suscipit tortor eget felis.,etbwe,PTO,2024-08-19T15:00:00,2024-08-19T18:30:00
Event-0102,Vestibulum ante ipsum primis. Duis ultricies lacus sed turpis. Mauris in aliquam sem.,hrung,PTO,2024-01-28T13:00:00,2024-01-28T16:15:00
Event-0103,In faucibus orci luctus et. Ut labore et dolore magna aliqua. Pellentesque in ipsum id orci porta dapibus.,zidei,Event,2024-03-27T13:45:00,2024-03-27T15:15:00
Event-0104,Sed do eiusmod tempor incididunt. In faucibus orci luctus et. Curabitur non nulla sit amet.,zsxym,,2024-04-26T09:00:00,2024-04-26T12:45:00
Event-0105,Duis ultricies lacus sed turpis. Aliquam erat volutpat. Nunc non blandit massa.,deuzz,,2024-02-29T00:00:00,2024-03-03T00:00:00
Event-0106,Curabitur non nulla sit amet. Pellentesque in ipsum id orci porta dapibus. Pellentesque habitant morbi tristique. Sed do eiusmod tempor incididunt.,hlibp,PTO,2024-03-19T09:00:00,2024-03-19T11:00:00
Event-0107,Vestibulum ante ipsum primis. Proin eget tortor risus. Vivamus suscipit tortor eget felis.,twbce,Meeting,2024-06-05T09:45:00,2024-06-05T11:30:00
Event-0108,Curabitur non nulla sit amet. Vestibulum ante ipsum primis. Donec sollicitudin molestie malesuada.,xsiht,Event,2024-10-26T00:00:00,2024-10-30T00:00:00
Event-0109,Consectetur adipiscing elit. Sed do eiusmod tempor incididunt.,cirqy,Travel,2024-03-10T11:30:00,2024-03-10T12:45:00
Event-0110,Vestibulum ante ipsum primis. In faucibus orci luctus et. Consectetur adipiscing elit.,myttt,Event,2024-06-10T00:00:00,2024-06-11T00:00:00
Event-0111,Sed do eiusmod tempor incididunt. Proin eget tortor risus.,jwjdb,Event,2024-03-10T17:30:00,2024-03-10T18:30:00
Event-0112,Ut labore et dolore magna aliqua. Lorem ipsum dolor sit amet.,itzyj,Travel,2024-11-01T00:00:00,2024-11-06T00:00:00
Event-0113,In faucibus orci luctus et. Proin eget tortor risus.,lqmte,Meeting,2024-11-27T00:00:00,2024-11-30T00:00:00
Event-0114,Aliquam erat volutpat. Ut labore et dolore magna aliqua. In faucibus orci luctus et. Mauris in aliquam sem.,uanok,Meeting,2024-02-15T13:15:00,2024-02-15T15:00:00
Event-0115,In faucibus orci luctus et. Curabitur non nulla sit amet.,gmviq,Meeting,2024-05-24T14:30:00,2024-05-24T15:45:00
Event-0116,Mauris in aliquam sem. Donec sollicitudin molestie malesuada.,hrung,Meeting,2024-07-09T10:15:00,2024-07-09T11:30:00
Event-0117,Duis ultricies lacus sed turpis. Mauris in aliquam sem. Proin eget tortor risus.,hlibp,Event,2024-09-23T00:00:00,2024-09-24T00:00:00
Event-0118,In faucibus orci luctus et. Vestibulum ante ipsum primis.,vwvkn,Meeting,2024-08-03T00:00:00,2024-08-04T00:00:00
Event-0119,Duis ultricies lacus sed turpis. Nunc non blandit massa.,tqunh,Meeting,2024-07-23T16:30:00,2024-07-23T17:30:00
Event-0120,Mauris in aliquam sem. Vivamus suscipit tortor eget felis. Pellentesque habitant morbi tristique. Sed do eiusmod tempor incididunt.,xebgw,,2024-10-06T00:00:00,2024-10-10T00:00:00
Event-0121,Curabitur non nulla sit amet. Aliquam erat volutpat. Donec sollicitudin molestie malesuada. Consectetur adipiscing elit.,hlibp,Event,2024-10-09T10:15:00,2024-10-09T10:30:00
Event-0122,Duis ultricies lacus sed turpis. Vestibulum ante ipsum primis. Curabitur non nulla sit amet. Vivamus suscipit tortor eget felis.,xsiht,Travel,2024-11-09T13:15:00,2024-11-09T13:45:00
Event-0123,Lorem ipsum dolor sit amet. Vivamus suscipit tortor eget felis.,obams,PTO,2024-08-27T00:00:00,2024-08-29T00:00:00
Event-0124,Mauris in aliquam sem. Pellentesque in ipsum id orci porta dapibus. Nunc non blandit massa.,zhaou,Event,2024-06-02T00:00:00,2024-06-04T00:00:00
Event-0125,Nunc non blandit massa. Curabitur non nulla sit amet. Ut labore et dolore magna aliqua.,zidei,Meeting,2024-06-12T00:00:00,2024-06-16T00:00:00
Event-0126,Duis ultricies lacus sed turpis. Nunc non blandit massa.,,Meeting,2024-06-17T00:00:00,2024-06-20T00:00:00
Event-0127,Curabitur non nulla sit amet. Pellentesque habitant morbi tristique. Sed do eiusmod tempor incididunt. In faucibus orci luctus et.,ijyta,Travel,2024-07-09T15:00:00,2024-07-09T17:45:00
Event-0128,Vestibulum ante ipsum primis. Nunc non blandit massa. Lorem ipsum dolor sit amet.,cirqy,Travel,2024-08-25T00:00:00,2024-08-28T00:00:00
Event-0129,In faucibus orci luctus et. Lorem ipsum dolor sit amet. Curabitur non nulla sit amet. Proin eget tortor risus.,uanok,Travel,2024-07-11T12:00:00,2024-07-11T14:00:00
Event-0130,Pellentesque in ipsum id orci porta dapibus. Nunc non blandit massa. Curabitur non nulla sit amet. In faucibus orci luctus et.,eptjm,Travel,2024-03-06T00:00:00,2024-03-08T00:00:00
Event-0131,Sed do eiusmod tempor incididunt. Aliquam erat volutpat. Proin eget tortor risus. Vivamus suscipit tortor eget felis.,nzrvh,Meeting,2024-05-02T15:45:00,2024-05-02T16:15:00
Event-0132,Vivamus suscipit tortor eget felis. Donec sollicitudin molestie malesuada. Aliquam erat volutpat. Sed do eiusmod tempor incididunt.,mrmdj,Meeting,2024-05-27T00:00:00,2024-05-31T00:00:00
Event-0133,Consectetur adipiscing elit. Mauris in aliquam sem.,acfbm,PTO,2024-11-26T00:00:00,2024-11-27T00:00:00
Event-0134,Duis ultricies lacus sed turpis. Vestibulum ante ipsum primis. Pellentesque habitant morbi tristique. Sed do eiusmod tempor incididunt.,mrmdj,PTO,2024-04-21T11:30:00,2024-04-21T13:15:00
Event-0135,Aliquam erat volutpat. Lorem ipsum dolor sit amet. Consectetur adipiscing elit. Mauris in aliquam sem.,arruw,Event,2024-12-27T13:00:00,2024-12-27T14:15:00
Event-0136,Vivamus suscipit tortor eget felis. Duis ultricies lacus sed turpis. In faucibus orci luctus et.,abdrm,Event,2024-04-15T00:00:00,2024-04-18T00:00:00
Event-0137,Duis ultricies lacus sed turpis. Donec sollicitudin molestie malesuada. Consectetur adipiscing elit.,ylldz,Event,2024-02-21T17:45:00,2024-02-21T20:15:00
Event-0138,Nunc non blandit massa. Vivamus suscipit tortor eget felis. Consectetur adipiscing elit.,zhaou,Travel,2024-05-14T09:00:00,2024-05-14T12:30:00
Event-0139,Vivamus suscipit tortor eget felis. Donec sollicitudin molestie malesuada. In faucibus orci luctus et.,,Travel,2024-05-03T00:00:00,2024-05-07T00:00:00
Event-0140,Nunc non blandit massa. Pellentesque in ipsum id orci porta dapibus. In faucibus orci luctus et. Sed do eiusmod tempor incididunt.,eptjm,,2024-03-14T15:15:00,2024-03-14T16:00:00
Event-0141,Pellentesque in ipsum id orci porta dapibus. Lorem ipsum dolor sit amet. Vivamus suscipit tortor eget felis.,hlibp,PTO,2024-06-01T17:00:00,2024-06-01T19:30:00
Event-0142,Vivamus suscipit tortor eget felis. Donec sollicitudin molestie malesuada. Duis ultricies lacus sed turpis.,,Meeting,2024-07-10T14:45:00,2024-07-10T16:00:00
Event-0143,Curabitur non nulla sit amet. Lorem ipsum dolor sit amet. Consectetur adipiscing elit.,jwjdb,,2024-04-11T17:15:00,2024-04-11T19:00:00
Event-0144,Vestibulum ante ipsum primis. Donec sollicitudin molestie malesuada. Pellentesque in ipsum id orci porta dapibus. Proin eget tortor risus.,dynoh,Event,2024-06-24T14:00:00,2024-06-24T16:45:00
Event-0145,Curabitur non nulla sit amet. In faucibus orci luctus et.,evbmd,Meeting,2024-11-16T00:00:00,2024-11-19T00:00:00
Event-0146,Mauris in aliquam sem. Sed do eiusmod tempor incididunt. Consectetur adipiscing elit. Pellentesque in ipsum id orci porta dapibus.,gmviq,Travel,2024-02-29T13:00:00,2024-02-29T15:00:00
Event-0147,Ut labore et dolore magna aliqua. Duis ultricies lacus sed turpis.,qzjng,Event,2024-06-16T10:15:00,2024-06-16T11:00:00
Event-0148,Mauris in aliquam sem. Pellentesque habitant morbi tristique. Duis ultricies lacus sed turpis. Curabitur non nulla sit amet.,,Event,2024-09-24T08:45:00,2024-09-24T12:15:00
Event-0149,Vivamus suscipit tortor eget felis. Vestibulum ante ipsum primis. Pellentesque habitant morbi tristique.,ijyta,Travel,2024-02-08T10:00:00,2024-02-08T10:45:00
Event-0150,Lorem ipsum dolor sit amet. Mauris in aliquam sem.,nxppc,Travel,2024-11-16T13:00:00,2024-11-16T14:30:00
Event-0151,Aliquam erat volutpat. Duis ultricies lacus sed turpis. Vestibulum ante ipsum primis. Pellentesque in ipsum id orci porta dapibus.,zsxym,,2024-06-14T00:00:00,2024-06-18T00:00:00
Event-0152,Lorem ipsum dolor sit amet. Sed do eiusmod tempor incididunt.,eptjm,PTO,2024-01-15T15:00:00,2024-01-15T16:00:00
Event-0153,Mauris in aliquam sem. Lorem ipsum dolor sit amet. Aliquam erat volutpat.,vpzva,Event,2024-11-19T00:00:00,2024-11-22T00:00:00
Event-0154,Consectetur adipiscing elit. Ut labore et dolore magna aliqua. Mauris in aliquam sem.,xebgw,Meeting,2024-12-08T17:00:00,2024-12-08T18:00:00
Event-0155,Duis ultricies lacus sed turpis. Aliquam erat volutpat. Mauris in aliquam sem.,jnsin,PTO,2024-10-27T00:00:00,2024-10-30T00:00:00
Event-0156,Curabitur non nulla sit amet. Donec sollicitudin molestie malesuada. Nunc non blandit massa.,etbwe,Event,2024-02-09T00:00:00,2024-02-10T00:00:00
Event-0157,Ut labore et dolore magna aliqua. Sed do eiusmod tempor incididunt.,gmviq,Event,2024-07-03T17:00:00,2024-07-03T18:45:00
Event-0158,Sed do eiusmod tempor incididunt. Proin eget tortor risus. Vestibulum ante ipsum primis.,ijyta,PTO,2024-11-10T09:00:00,2024-11-10T12:30:00
Event-0159,Vestibulum ante ipsum primis. Donec sollicitudin molestie malesuada. Sed do eiusmod tempor incididunt. Duis ultricies lacus sed turpis.,,PTO,2024-11-25T00:00:00,2024-11-29T00:00:00
Event-0160,Nunc non blandit massa. Aliquam erat volutpat. Pellentesque in ipsum id orci porta dapibus. Pellentesque habitant morbi tristique.,chdqp,PTO,2024-03-14T00:00:00,2024-03-16T00:00:00
Event-0161,Donec sollicitudin molestie malesuada. Consectetur adipiscing elit.,bicfx,Event,2024-10-31T16:30:00,2024-10-31T16:45:00
Event-0162,Donec sollicitudin molestie malesuada. Ut labore et dolore magna aliqua. Pellentesque habitant morbi tristique.,wkdem,Event,2024-09-20T09:45:00,2024-09-20T13:15:00
Event-0163,In faucibus orci luctus et. Curabitur non nulla sit amet. Donec sollicitudin molestie malesuada.,vqbuo,PTO,2024-04-04T11:00:00,2024-04-04T14:00:00
Event-0164,Pellentesque in ipsum id orci porta dapibus. Consectetur adipiscing elit. Nunc non blandit massa.,zidei,Event,2024-01-03T08:30:00,2024-01-03T09:45:00
Event-0165,Nunc non blandit massa. Vivamus suscipit tortor eget felis.,ijyta,PTO,2024-09-22T15:15:00,2024-09-22T19:00:00
Event-0166,Pellentesque in ipsum id orci porta dapibus. Aliquam erat volutpat. Lorem ipsum dolor sit amet. Proin eget tortor risus.,zhaou,,2024-11-06T15:00:00,2024-11-06T16:15:00
Event-0167,Mauris in aliquam sem. Aliquam erat volutpat. Vivamus suscipit tortor eget felis.,,Travel,2024-12-25T17:45:00,2024-12-25T21:15:00
Event-0168,In faucibus orci luctus et. Curabitur non nulla sit amet. Mauris in aliquam sem. Sed do eiusmod tempor incididunt.,bicfx,Travel,2024-05-23T09:15:00,2024-05-23T10:15:00
Event-0169,In faucibus orci luctus et. Aliquam erat volutpat.,dzpvb,Travel,2024-09-18T11:15:00,2024-09-18T13:00:00
Event-0170,Duis ultricies lacus sed turpis. Pellentesque in ipsum id orci porta dapibus. Donec sollicitudin molestie malesuada.,myttt,Event,2024-10-29T08:00:00,2024-10-29T10:15:00
Event-0171,Aliquam erat volutpat. Sed do eiusmod tempor incididunt.,twbce,Travel,2024-08-20T10:15:00,2024-08-20T14:15:00
Event-0172,Pellentesque habitant morbi tristique. Curabitur non nulla sit amet.,hlibp,PTO,2024-10-14T12:45:00,2024-10-14T16:15:00
Event-0173,Pellentesque habitant morbi tristique. Ut labore et dolore magna aliqua.,,Event,2024-01-12T16:15:00,2024-01-12T17:30:00
Event-0174,In faucibus orci luctus et. Pellentesque in ipsum id orci porta dapibus. Donec sollicitudin molestie malesuada. Ut labore et dolore magna aliqua.,vqbuo,PTO,2024-11-27T14:30:00,2024-11-27T17:15:00
Event-0175,Aliquam erat volutpat. Proin eget tortor risus.,ylldz,Event,2024-09-30T13:15:00,2024-09-30T15:45:00
Event-0176,Donec sollicitudin molestie malesuada. Mauris in aliquam sem. Pellentesque in ipsum id orci porta dapibus.,evbmd,PTO,2024-03-10T00:00:00,2024-03-12T00:00:00
Event-0177,Lorem ipsum dolor sit amet. Consectetur adipiscing elit. In faucibus orci luctus et.,vqbuo,Travel,2024-02-09T00:00:00,2024-02-10T00:00:00
Event-0178,Nunc non blandit massa. Aliquam erat volutpat. Pellentesque habitant morbi tristique. Duis ultricies lacus sed turpis.,arruw,PTO,2024-08-08T16:00:00,2024-08-08T17:30:00
Event-0179,Donec sollicitudin molestie malesuada. Ut labore et dolore magna aliqua. Nunc non blandit massa.,xebgw,Travel,2024-06-12T00:00:00,2024-06-17T00:00:00
Event-0180,Nunc non blandit massa. Proin eget tortor risus. Duis ultricies lacus sed turpis. Lorem ipsum dolor sit amet.,,Travel,2024-03-11T11:15:00,2024-03-11T15:00:00
Event-0181,Duis ultricies lacus sed turpis. Donec sollicitudin molestie malesuada. Pellentesque in ipsum id orci porta dapibus.,itzyj,Meeting,2024-10-29T08:30:00,2024-10-29T09:30:00
Event-0182,Vivamus suscipit tortor eget felis. Aliquam erat volutpat. Duis ultricies lacus sed turpis. Lorem ipsum dolor sit amet.,qzjng,Event,2024-02-05T00:00:00,2024-02-06T00:00:00
Event-0183,Donec sollicitudin molestie malesuada. Vivamus suscipit tortor eget felis. Proin eget tortor risus. Ut labore et dolore magna aliqua.,zomdf,PTO,2024-08-28T10:30:00,2024-08-28T12:00:00
Event-0184,Lorem ipsum dolor sit amet. Mauris in aliquam sem. Duis ultricies lacus sed turpis.,myttt,PTO,2024-04-12T00:00:00,2024-04-15T00:00:00
Event-0185,Lorem ipsum dolor sit amet. Curabitur non nulla sit amet.,twbce,Event,2024-12-30T13:15:00,2024-12-30T14:00:00
Event-0186,Consectetur adipiscing elit. Mauris in aliquam sem. Pellentesque habitant morbi tristique. Pellentesque in ipsum id orci porta dapibus.,zsxym,,2024-09-15T00:00:00,2024-09-17T00:00:00
Event-0187,Mauris in aliquam sem. Aliquam erat volutpat.,lgjtf,Travel,2024-01-28T00:00:00,2024-02-02T00:00:00
Event-0188,Donec sollicitudin molestie malesuada. Curabitur non nulla sit amet. Proin eget tortor risus. Mauris in aliquam sem.,acfbm,PTO,2024-05-10T08:00:00,2024-05-10T11:45:00
Event-0189,Curabitur non nulla sit amet. Consectetur adipiscing elit. Proin eget tortor risus.,hlibp,Travel,2024-02-05T16:45:00,2024-02-05T17:45:00
Event-0190,Curabitur non nulla sit amet. Pellentesque in ipsum id orci porta dapibus.,zsxym,Travel,2024-06-22T16:00:00,2024-06-22T17:45:00
Event-0191,Mauris in aliquam sem. Vivamus suscipit tortor eget felis. Pellentesque in ipsum id orci porta dapibus.,mrmdj,PTO,2024-07-27T11:15:00,2024-07-27T12:45:00
Event-0192,Ut labore et dolore magna aliqua. Proin eget tortor risus. Lorem ipsum dolor sit amet.,abdrm,,2024-02-16T17:45:00,2024-02-16T20:15:00
Event-0193,Mauris in aliquam sem. In faucibus orci luctus et.,nxppc,Meeting,2024-05-25T09:45:00,2024-05-25T12:30:00
Event-0194,Duis ultricies lacus sed turpis. Ut labore et dolore magna aliqua.,,Event,2024-10-11T00:00:00,2024-10-12T00:00:00
Event-0195,Sed do eiusmod tempor incididunt. Aliquam erat volutpat. Proin eget tortor risus. Pellentesque in ipsum id orci porta dapibus.,deuzz,PTO,2024-09-22T00:00:00,2024-09-26T00:00:00
Event-0196,Aliquam erat volutpat. Ut labore et dolore magna aliqua. Duis ultricies lacus sed turpis. Nunc non blandit massa.,cirqy,Event,2024-02-19T09:15:00,2024-02-19T09:45:00
Event-0197,Pellentesque in ipsum id orci porta dapibus. Lorem ipsum dolor sit amet. Consectetur adipiscing elit.,,PTO,2024-12-13T14:00:00,2024-12-13T16:00:00
Event-0198,Mauris in aliquam sem. Vivamus suscipit tortor eget felis.,jwjdb,,2024-08-27T10:45:00,2024-08-27T14:45:00
Event-0199,Ut labore et dolore magna aliqua. Donec sollicitudin molestie malesuada. Mauris in aliquam sem. Curabitur non nulla sit amet.,mrmdj,Travel,2024-08-25T00:00:00,2024-08-28T00:00:00
Event-0200,Pellentesque habitant morbi tristique. Proin eget tortor risus. Vivamus suscipit tortor eget felis.,obams,Travel,2024-12-22T10:45:00,2024-12-22T13:30:00
